2019-06-21 06:11:16,"b'""Happy International Yoga Day 2019""\n\n#cubicalseo #yogaday #YogaDay2019 #internationalyogaday #innerpeace\xe2\x80\xa6 https://t.co/NOehPA2mu5'"
2019-06-21 06:11:15,"b""RT @AshramBlr: #InternationalYogaDay2019 has a great vision for #FridaysForFuture!\n\n#Bapuji on #YogaDay2019 teaches~\n\nYou can't control wha\xe2\x80\xa6"""
2019-06-21 06:11:13,"b'Yoga gives us the lesson to cure what is fatal to be endured and to endure what you cannot cure. ""\nWishing you a al\xe2\x80\xa6 https://t.co/4E9tVEoAhH'"
2019-06-21 06:11:13,b'Life Trust wishes you a Healthy and Happy International Yoga Day\n.\nStay tuned to our page to know more about us. \nT\xe2\x80\xa6 https://t.co/HePiThWGpG'
2019-06-21 06:11:12,b'#Yoga gives you Peace. Yoga gives you Health. Do Yoga daily for better Life.\n#YogaDay2019 \n#InternationalDayofYoga'
2019-06-21 06:11:12,b'RT @indiannavy: Kohli Stadium in Mumbai brought alive by Naval personnel of WNC doing #yoga https://t.co/jnGf3vnuTN'
2019-06-21 06:11:12,"b""RT @AdvaVilchinski: I'm lucky that in India #Yoga is part of mindset, work, life, spirit, health, sport and much more this is of course one\xe2\x80\xa6"""
2019-06-21 06:11:10,b'You are blessed if you perform yoga because there is no better way to life than to live with #yoga.  #YogaDay2019 https://t.co/tlUhDl0j9R'
2019-06-21 06:11:08,b'Happy Yoga Day - Doodlemango\n\nLook at the timeless capture of how peacefully they meditate. This makes a pause and\xe2\x80\xa6 https://t.co/VRU9rEEcII'
2019-06-21 06:11:07,"b""RT @SadhguruJV: The significance of #Yoga &amp; International Day of Yoga is that it's a scientific method to obliterate the boundaries of one'\xe2\x80\xa6"""
2019-06-21 06:11:06,"b'""A disease-free body, a violence-free society, a confusion-free mind, an inhibition-free intellect, a trauma-free m\xe2\x80\xa6 https://t.co/hT9zmBKTyc'"
2019-06-21 06:11:00,"b'Yoga does not just change the way we see things, it transforms the person who sees. #JREvents wishes you all a very\xe2\x80\xa6 https://t.co/ptJsAi4gH3'"
2019-06-21 06:10:55,b'Great night of fun! #Supraacademy #yoga https://t.co/IpzaCtJFSh'
2019-06-21 06:10:54,"b""RT @SadhguruJV: The significance of #Yoga &amp; International Day of Yoga is that it's a scientific method to obliterate the boundaries of one'\xe2\x80\xa6"""
2019-06-21 06:10:53,b'#Yoga is a powerful #vehicle for change. As you build #strength you start to #believe in your own #potential.\xe2\x80\xa6 https://t.co/pdRMNPRKW8'
2019-06-21 06:10:53,b'Let your body be your education source and asanas be your learnings. Begin a journey of rediscovering yourself.\xe2\x80\xa6 https://t.co/PDOKj6E9yV'
2019-06-21 06:10:50,"b'Yoga is not a work - out , its a work - in.\n.\n.\n#InternationalYogaDay #Happiness #YogaDay #YogaDay2019 #yoga\xe2\x80\xa6 https://t.co/BFCt4RpLB2'"
2019-06-21 06:10:49,b'Happy International Yoga Day!\nStay tune with Garima Bhandari for more yoga video on YouTube. #worldyogaday\xe2\x80\xa6 https://t.co/mj0KD1p10E'
2019-06-21 06:10:49,"b'This International Yoga Day, let\xe2\x80\x99s remember that the change that we want to see in the world begins from within us.\xe2\x80\xa6 https://t.co/DlzH4uxWWl'"
2019-06-21 06:10:48,"b'RT @ParmarthNiketan: Hundreds of people from 30+ nations joined for #YogaDay2019 this morning, w/leaders from Hindu, Buddhist, Jain &amp; Sufi\xe2\x80\xa6'"
2019-06-21 06:10:48,b'#Yoga gives us the lesson to cure what is fatal to be endured and to endure what you cannot cure.\xe2\x80\xa6 https://t.co/HZioX4RpM8'
2019-06-21 06:10:47,"b'RT @bishnoikuldeep: Yoga is all about creating a balance in our mental and physical health. #Yoga balances mind, body and consciousness whi\xe2\x80\xa6'"
2019-06-21 06:10:46,"b'Yoga is the journey of the self, through the self, to the self.\xe2\x80\x9d \xe2\x80\x93 The Bhagavad Gita\n\nhttps://t.co/JJHmQxRgYD\xe2\x80\xa6 https://t.co/TYXEg8OArJ'"
2019-06-21 06:10:44,b':: International Day of Yoga ::\n\n#CompuBrain #Business #Technology #Innovations #DigitalMediaAgency#YogaDay #Yoga https://t.co/pJvO4Yw3cY'
2019-06-21 06:10:41,"b'#Yoga is a method for restraining the natural turbulence of thoughts, which otherwise impartially prevent all men,\xe2\x80\xa6 https://t.co/E5G7VAUBBO'"
2019-06-21 06:10:41,"b'""Connecting with yoga is about connecting with happiness, health, peace, and prosperity."".\n.\n.\xe2\x80\xa6 https://t.co/U8eaS41gwy'"
2019-06-21 06:10:40,b'RT @ChinarcorpsIA: 5th #InternationalDayOfYoga celebrations in #Kashmir. Wishing everyone good #happiness #HealthAndWellness. #Yoga for rem\xe2\x80\xa6'
2019-06-21 06:10:39,b'RT @adgpi: 5th #InternationalYogDay \n\nOur fit &amp; fearless soldiers #IndianArmy practice #Yoga on the icy heights of #HimalayanRanges. We are\xe2\x80\xa6'
2019-06-21 06:10:32,b'Couldn\xe2\x80\x99t let the 21st June pass without celebrating #InternationalDayOfYoga2019 Yoga was my true path to\xe2\x80\xa6 https://t.co/Qv0vxjJEyB'
2019-06-21 06:10:31,"b'Health is wealth, Sun salutation is Best..!\nPranayam is Rock..!, Live life with big stock..!\n.\n!!Happy Internationa\xe2\x80\xa6 https://t.co/YtQXnD2UkD'"
2019-06-21 06:10:31,"b'RT @RuchiraKamboj: #YogaDay in Haa Bhutan. \n\nA good mix of the army, civil administration, ladies, school children and monks #NationFirst #\xe2\x80\xa6'"
2019-06-21 06:10:31,b'RT @adgpi: 5th #InternationalYogDay \n\nOur fit &amp; fearless soldiers #IndianArmy practice #Yoga on the icy heights of #HimalayanRanges. We are\xe2\x80\xa6'
2019-06-21 06:10:29,"b'Yoga is our bonding with the inner-self, it is the illumination of the Shiva within us. \n#Yoga #YogaDay2019\xe2\x80\xa6 https://t.co/7Mz6HTYZ2B'"
2019-06-21 06:10:29,"b""RT @BBC: It's always a good time for kilted #yoga...\nhttps://t.co/uZhDXdufIK"""
2019-06-21 06:10:28,"b'Yoga is the journey of the self, to the self, through the self .\n\nGrow Homes wishes you a very ""Happy Yoga Day""!!!\xe2\x80\xa6 https://t.co/pvmwifVVx7'"
2019-06-21 06:10:28,b'RT @RiseofBurnol: I would like to thank @narendramodi  ji whose efforts &amp; thinking gave recognition to ages old tradition &amp; culture of Indi\xe2\x80\xa6'
2019-06-21 06:10:27,b'Gortnm IT celebrating Yog Divas &amp; wishes best for your health &amp; peace in the nature. Be happy. Contact us for IT re\xe2\x80\xa6 https://t.co/hnAdUp3eqw'
2019-06-21 06:10:22,b'This is the #Supraacademy wave. #yoga https://t.co/zxYUqrV6M8'
2019-06-21 06:10:21,b'RT @PIB_India: We need more Yoga teachers to take Yoga to the masses. @moayush has created Yoga Certification Board; board will certify tra\xe2\x80\xa6'
2019-06-21 06:10:19,b'International Yoga Day \n\nhttps://t.co/pTt9kw9y0W\n\n#yoga #fitness #meditation  #yogalife   #health   #motivation\xe2\x80\xa6 https://t.co/ESGBV0FmTw'
2019-06-21 06:10:18,"b'Yoga is all about creating a balance in your life. It is about balancing your senses, balancing your body, soul, an\xe2\x80\xa6 https://t.co/AQ1CRLTBOz'"
2019-06-21 06:10:16,b'RT @incredibleindia: Delhities learning #Yoga as part of  International Yoga Day 2019 activities organised by @tourismgoi at #qutubminar  h\xe2\x80\xa6'
2019-06-21 06:10:13,b'RT @ChinarcorpsIA: 5th #InternationalDayOfYoga celebrations in #Kashmir. Wishing everyone good #happiness #HealthAndWellness. #Yoga for rem\xe2\x80\xa6'
2019-06-21 06:10:13,b'RT @IndianDiplomacy: No barriers of age because #yoga is for everybody\n\n#IDY2019 #YogaDay2019 #YogaDay\n#yogapractice\n#Yoga4ClimateAction ht\xe2\x80\xa6'
2019-06-21 06:10:13,b'RT @IYOGASHRAYA: The story of the yoga mat. How #Guruji Iyengar started using it #Iyengaryoga #yoga #bksiyengar\nhttps://t.co/3fSf3854hp htt\xe2\x80\xa6'
2019-06-21 06:10:11,"b'So glad to see the international, beautifully inclusive &amp;  #interfaith celebrations of #Yoga. My many blessings - Y\xe2\x80\xa6 https://t.co/d9Ik9NhWwL'"
2019-06-21 06:10:02,"b'#Yoga is a journey of the self, to the self, through the self\xe2\x80\xbc\xef\xb8\x8f \nHappy #YogaDay #InternationalDayOfYoga.\n\nComplete\xe2\x80\xa6 https://t.co/1WZSJ8NPeN'"
2019-06-21 06:10:01,b'RT @DDNewsLive: #ITBP personnel perform #Yoga on #InternationalDayofYoga at an altitude of 18000 ft in Northern Ladakh at minus 20 degrees\xe2\x80\xa6'
